S/N,Name,Email Address,Lesson Summary,Quiz Summary,Assignment Summary,Grade Point Average,Intermediate class Eligibility
1,644eb5f3fc13ae246d842f87,0,0,0.0,63,84.09,true
2,644eb5f3fc13ae246d842f88,0,0,0.0,10,15.37,true
3,644eb5f3fc13ae246d842f89,0,0,0.0,16,99.32,true
4,644eb5f3fc13ae246d842f8a,0,0,0.0,83,84.26,true
5,644eb5f3fc13ae246d842f8b,0,0,0.0,48,53.03,true
6,644eb5f3fc13ae246d842f8c,0,0,0.0,89,62.7,false
7,644eb5f3fc13ae246d842f8d,0,0,0.0,30,71.61,true
8,644eb5f3fc13ae246d842f8e,0,0,0.0,18,77.84,true
9,644eb5f3fc13ae246d842f8f,0,0,0.0,28,71.36,true
10,644eb5f3fc13ae246d842f90,0,0,0.0,32,83.88,true
11,644eb5f3fc13ae246d842f91,0,0,0.0,41,32.48,false
12,644eb5f3fc13ae246d842f92,0,0,0.0,58,39.89,false
13,644eb5f3fc13ae246d842f93,0,0,0.0,49,78.38,true
14,644eb5f3fc13ae246d842f94,0,0,0.0,15,21.58,false
15,644eb5f3fc13ae246d842f95,0,0,0.0,88,90.36,false
16,644eb5f3fc13ae246d842f96,0,0,0.0,82,51.11,true
17,644eb5f3fc13ae246d842f97,0,0,0.0,39,52.18,true
18,644eb5f3fc13ae246d842f98,0,0,0.0,0,12.74,false
19,644eb5f3fc13ae246d842f99,0,0,0.0,65,9.37,true
20,644eb5f3fc13ae246d842f9a,0,0,0.0,37,72.87,false
21,644eb5f3fc13ae246d842f9b,0,0,0.0,77,85.12,true
22,644eb5f3fc13ae246d842f9c,0,0,0.0,100,64.95,true
23,644eb5f3fc13ae246d842f9d,0,0,0.0,12,53.27,false
24,644eb5f3fc13ae246d842f9e,0,0,0.0,1,62.88,true
25,644eb5f3fc13ae246d842f9f,0,0,0.0,63,99.11,true
26,644eb5f3fc13ae246d842fa0,0,0,0.0,85,32.19,false
27,644eb5f3fc13ae246d842fa1,0,0,0.0,19,15.63,true
28,644eb5f3fc13ae246d842fa2,0,0,0.0,50,31.34,true
29,644eb5f3fc13ae246d842fa3,0,0,0.0,47,89.52,false
30,644eb5f3fc13ae246d842fa4,0,0,0.0,14,44.08,false
31,644eb5f3fc13ae246d842fa5,0,0,0.0,43,17.8,true
32,644eb5f3fc13ae246d842fa6,0,0,0.0,87,33.57,false
33,644eb5f3fc13ae246d842fa7,0,0,0.0,73,31.51,true
34,644eb5f3fc13ae246d842fa8,0,0,0.0,35,40.34,false
35,644eb5f3fc13ae246d842fa9,0,0,0.0,33,67.41,true
36,644eb5f3fc13ae246d842faa,0,0,0.0,86,67.44,false
37,644eb5f3fc13ae246d842fab,0,0,0.0,33,68.72,false
38,644eb5f3fc13ae246d842fac,0,0,0.0,57,47.8,false
39,644eb5f3fc13ae246d842fad,0,0,0.0,77,45.32,true
40,644eb5f3fc13ae246d842fae,0,0,0.0,40,81.01,true
41,644eb5f3fc13ae246d842faf,0,0,0.0,97,7.0,false
42,644eb5f3fc13ae246d842fb0,0,0,0.0,98,80.99,false
43,644eb5f3fc13ae246d842fb1,0,0,0.0,1,88.31,false
44,644eb5f3fc13ae246d842fb2,0,0,0.0,60,37.41,false
45,644eb5f3fc13ae246d842fb3,0,0,0.0,93,80.98,false
46,644eb5f3fc13ae246d842fb4,0,0,0.0,3,60.15,false
47,644eb5f3fc13ae246d842fb5,0,0,0.0,39,38.46,false
48,644eb5f3fc13ae246d842fb6,0,0,0.0,86,38.23,false
49,644eb5f3fc13ae246d842fb7,0,0,0.0,25,51.6,false
50,644eb5f3fc13ae246d842fb8,0,0,0.0,18,45.05,true
51,644eb5f3fc13ae246d842fb9,0,0,0.0,82,79.33,true
52,644eb5f3fc13ae246d842fba,0,0,0.0,6,96.66,true
53,644eb5f3fc13ae246d842fbb,0,0,0.0,36,94.18,false
54,644eb5f3fc13ae246d842fbc,0,0,0.0,50,53.1,false
55,644eb5f3fc13ae246d842fbd,0,0,0.0,16,50.19,true
56,644eb5f3fc13ae246d842fbe,0,0,0.0,67,63.07,false
57,644eb5f3fc13ae246d842fbf,0,0,0.0,64,27.64,false
58,644eb5f3fc13ae246d842fc0,0,0,0.0,45,48.82,true
59,644eb5f3fc13ae246d842fc1,0,0,0.0,48,84.17,false
60,644eb5f3fc13ae246d842fc2,0,0,0.0,61,8.98,true
61,644eb5f3fc13ae246d842fc3,0,0,0.0,94,34.09,true
62,644eb5f3fc13ae246d842fc4,0,0,0.0,35,33.54,true
63,644eb5f3fc13ae246d842fc5,0,0,0.0,28,40.01,true
64,644eb5f3fc13ae246d842fc6,0,0,0.0,33,15.31,false
65,644eb5f3fc13ae246d842fc7,0,0,0.0,90,39.51,false
66,644eb5f3fc13ae246d842fc8,0,0,0.0,35,10.61,false
67,644eb5f3fc13ae246d842fc9,0,0,0.0,45,80.03,true
68,644eb5f3fc13ae246d842fca,0,0,0.0,12,70.75,true
69,644eb5f3fc13ae246d842fcb,0,0,0.0,21,78.98,true
70,644eb5f3fc13ae246d842fcc,0,0,0.0,95,45.94,true
71,644eb5f3fc13ae246d842fcd,0,0,0.0,19,80.82,false
72,644eb5f3fc13ae246d842fce,0,0,0.0,16,5.41,true
73,644eb5f3fc13ae246d842fcf,0,0,0.0,81,2.73,true
74,644eb5f3fc13ae246d842fd0,0,0,0.0,29,24.86,true
75,644eb5f3fc13ae246d842fd1,0,0,0.0,47,43.02,false
76,644eb5f3fc13ae246d842fd2,0,0,0.0,14,95.47,true
77,644eb5f3fc13ae246d842fd3,0,0,0.0,4,96.57,false
78,644eb5f3fc13ae246d842fd4,0,0,0.0,92,54.1,false
79,644eb5f3fc13ae246d842fd5,0,0,0.0,12,54.93,false
80,644eb5f3fc13ae246d842fd6,0,0,0.0,99,64.61,false
81,644eb5f3fc13ae246d842fd7,0,0,0.0,10,43.6,true
82,644eb5f3fc13ae246d842fd8,0,0,0.0,85,13.49,true
83,644eb5f3fc13ae246d842fd9,0,0,0.0,9,41.89,false
84,644eb5f3fc13ae246d842fda,0,0,0.0,76,27.67,true
85,644eb5f3fc13ae246d842fdb,0,0,0.0,78,12.53,true
86,644eb5f3fc13ae246d842fdc,0,0,0.0,41,32.45,false
87,644eb5f3fc13ae246d842fdd,0,0,0.0,28,88.62,false
88,644eb5f3fc13ae246d842fde,0,0,0.0,98,13.17,true
89,644eb5f3fc13ae246d842fdf,0,0,0.0,23,24.84,false
90,644eb5f3fc13ae246d842fe0,0,0,0.0,85,75.39,false
91,644eb5f3fc13ae246d842fe1,0,0,0.0,56,20.42,true
92,644eb5f3fc13ae246d842fe2,0,0,0.0,32,92.41,true
93,644eb5f3fc13ae246d842fe3,0,0,0.0,74,24.61,true
94,644eb5f3fc13ae246d842fe4,0,0,0.0,51,40.2,false
95,644eb5f3fc13ae246d842fe5,0,0,0.0,53,7.14,true
96,644eb5f3fc13ae246d842fe6,0,0,0.0,66,79.45,false
97,644eb5f3fc13ae246d842fe7,0,0,0.0,2,76.95,false
98,644eb5f3fc13ae246d842fe8,0,0,0.0,62,54.44,true
99,644eb5f3fc13ae246d842fe9,0,0,0.0,61,79.19,false
100,644eb5f3fc13ae246d842fea,0,0,0.0,23,17.23,true
101,644eb5f3fc13ae246d842feb,0,0,0.0,6,2.55,true
102,644eb5f3fc13ae246d842fec,0,0,0.0,27,67.23,false
103,644eb5f3fc13ae246d842fed,0,0,0.0,8,55.7,true
104,644eb5f3fc13ae246d842fee,0,0,0.0,81,51.87,true
105,644eb5f3fc13ae246d842fef,0,0,0.0,82,1.12,false
106,644eb5f3fc13ae246d842ff0,0,0,0.0,47,33.19,true
107,644eb5f3fc13ae246d842ff1,0,0,0.0,28,22.82,true
108,644eb5f3fc13ae246d842ff2,0,0,0.0,58,84.94,true
109,644eb5f3fc13ae246d842ff3,0,0,0.0,2,96.45,true
110,644eb5f3fc13ae246d842ff4,0,0,0.0,56,37.54,false
111,644eb5f3fc13ae246d842ff5,0,0,0.0,71,58.83,false
112,644eb5f3fc13ae246d842ff6,0,0,0.0,95,65.64,true
113,644eb5f3fc13ae246d842ff7,0,0,0.0,31,57.47,false
114,644eb5f3fc13ae246d842ff8,0,0,0.0,0,14.3,false
115,644eb5f3fc13ae246d842ff9,0,0,0.0,22,82.24,true
116,644eb5f3fc13ae246d842ffa,0,0,0.0,94,10.87,true
117,644eb5f3fc13ae246d842ffb,0,0,0.0,69,57.61,true
118,644eb5f3fc13ae246d842ffc,0,0,0.0,99,54.29,true
119,644eb5f3fc13ae246d842ffd,0,0,0.0,80,69.64,false
120,644eb5f3fc13ae246d842ffe,0,0,0.0,25,2.27,false
121,644eb5f3fc13ae246d842fff,0,0,0.0,57,56.3,true
122,644eb5f3fc13ae246d843000,0,0,0.0,63,2.21,true
123,644eb5f3fc13ae246d843001,0,0,0.0,98,82.94,true
124,644eb5f3fc13ae246d843002,0,0,0.0,1,67.11,false
125,644eb5f3fc13ae246d843003,0,0,0.0,68,78.14,false
126,644eb5f3fc13ae246d843004,0,0,0.0,30,24.77,false
127,644eb5f3fc13ae246d843005,0,0,0.0,15,27.54,true
128,644eb5f3fc13ae246d843006,0,0,0.0,61,51.06,true
129,644eb5f3fc13ae246d843007,0,0,0.0,8,11.97,true
130,644eb5f3fc13ae246d843008,0,0,0.0,69,31.83,false
131,644eb5f3fc13ae246d843009,0,0,0.0,32,14.59,true
132,644eb5f3fc13ae246d84300a,0,0,0.0,62,70.67,true
133,644eb5f3fc13ae246d84300b,0,0,0.0,78,24.83,true
134,644eb5f3fc13ae246d84300c,0,0,0.0,64,52.77,false
135,644eb5f3fc13ae246d84300d,0,0,0.0,79,60.69,true
136,644eb5f3fc13ae246d84300e,0,0,0.0,64,80.05,true
137,644eb5f3fc13ae246d84300f,0,0,0.0,49,14.47,true
138,644eb5f3fc13ae246d843010,0,0,0.0,64,36.92,true
139,644eb5f3fc13ae246d843011,0,0,0.0,89,49.68,true
140,644eb5f3fc13ae246d843012,0,0,0.0,45,58.69,false
141,644eb5f3fc13ae246d843013,0,0,0.0,57,64.54,true
142,644eb5f3fc13ae246d843014,0,0,0.0,54,6.09,false
143,644eb5f3fc13ae246d843015,0,0,0.0,7,6.39,false
144,644eb5f3fc13ae246d843016,0,0,0.0,39,84.74,false
145,644eb5f3fc13ae246d843017,0,0,0.0,61,91.92,false
146,644eb5f3fc13ae246d843018,0,0,0.0,81,47.36,false
147,644eb5f3fc13ae246d843019,0,0,0.0,45,6.43,true
148,644eb5f3fc13ae246d84301a,0,0,0.0,95,4.29,true
149,644eb5f3fc13ae246d84301b,0,0,0.0,9,8.88,false
150,644eb5f3fc13ae246d84301c,0,0,0.0,78,43.57,false
151,644eb5f3fc13ae246d84301d,0,0,0.0,39,58.81,false
152,644eb5f3fc13ae246d84301e,0,0,0.0,34,18.69,false
153,644eb5f3fc13ae246d84301f,0,0,0.0,33,13.05,false
154,644eb5f3fc13ae246d843020,0,0,0.0,99,11.99,true
155,644eb5f3fc13ae246d843021,0,0,0.0,62,96.99,false
156,644eb5f3fc13ae246d843022,0,0,0.0,79,18.97,true
157,644eb5f3fc13ae246d843023,0,0,0.0,35,11.24,false
158,644eb5f3fc13ae246d843024,0,0,0.0,24,47.12,false
159,644eb5f3fc13ae246d843025,0,0,0.0,87,94.61,false
160,644eb5f3fc13ae246d843026,0,0,0.0,47,39.19,false
161,644eb5f3fc13ae246d843027,0,0,0.0,82,5.05,true
162,644eb5f3fc13ae246d843028,0,0,0.0,18,96.55,true
163,644eb5f3fc13ae246d843029,0,0,0.0,83,33.47,true
164,644eb5f3fc13ae246d84302a,0,0,0.0,17,83.99,true
165,644eb5f3fc13ae246d84302b,0,0,0.0,25,6.7,false
166,644eb5f3fc13ae246d84302c,0,0,0.0,66,89.11,false
167,644eb5f3fc13ae246d84302d,0,0,0.0,59,92.72,true
168,644eb5f3fc13ae246d84302e,0,0,0.0,72,80.95,false
169,644eb5f3fc13ae246d84302f,0,0,0.0,71,48.36,false
170,644eb5f3fc13ae246d843030,0,0,0.0,95,93.42,true
171,644eb5f3fc13ae246d843031,0,0,0.0,6,80.58,true
172,644eb5f3fc13ae246d843032,0,0,0.0,96,22.0,false
173,644eb5f3fc13ae246d843033,0,0,0.0,54,54.87,true
174,644eb5f3fc13ae246d843034,0,0,0.0,68,38.75,true
175,644eb5f3fc13ae246d843035,0,0,0.0,9,69.8,false
176,644eb5f3fc13ae246d843036,0,0,0.0,94,35.33,true
177,644eb5f3fc13ae246d843037,0,0,0.0,16,61.91,false
178,644eb5f3fc13ae246d843038,0,0,0.0,54,6.95,false
179,644eb5f3fc13ae246d843039,0,0,0.0,58,6.45,true
180,644eb5f3fc13ae246d84303a,0,0,0.0,30,79.8,false
181,644eb5f3fc13ae246d84303b,0,0,0.0,81,1.88,true
182,644eb5f3fc13ae246d84303c,0,0,0.0,76,83.83,true
183,644eb5f3fc13ae246d84303d,0,0,0.0,38,26.96,true
184,644eb5f3fc13ae246d84303e,0,0,0.0,53,45.95,true
185,644eb5f3fc13ae246d84303f,0,0,0.0,16,90.44,true
186,644eb5f3fc13ae246d843040,0,0,0.0,21,29.09,true
187,644eb5f3fc13ae246d843041,0,0,0.0,69,98.76,false
188,644eb5f3fc13ae246d843042,0,0,0.0,21,95.73,true
189,644eb5f3fc13ae246d843043,0,0,0.0,12,64.88,false
190,644eb5f3fc13ae246d843044,0,0,0.0,84,32.64,false
191,644eb5f3fc13ae246d843045,0,0,0.0,34,22.27,false
192,644eb5f3fc13ae246d843046,0,0,0.0,10,6.32,true
193,644eb5f3fc13ae246d843047,0,0,0.0,86,82.05,false
194,644eb5f3fc13ae246d843048,0,0,0.0,55,77.91,false
195,644eb5f3fc13ae246d843049,0,0,0.0,44,22.19,true
196,644eb5f3fc13ae246d84304a,0,0,0.0,69,78.4,false
197,644eb5f3fc13ae246d84304b,0,0,0.0,62,46.4,false
198,644eb5f3fc13ae246d84304c,0,0,0.0,50,15.42,false
199,644eb5f3fc13ae246d84304d,0,0,0.0,59,61.56,false
200,644eb5f3fc13ae246d84304e,0,0,0.0,88,51.59,false
201,644eb5f3fc13ae246d84304f,0,0,0.0,38,7.91,true
202,644eb5f3fc13ae246d843050,0,0,0.0,34,42.92,true
203,644eb5f3fc13ae246d843051,0,0,0.0,52,16.94,true
204,644eb5f3fc13ae246d843052,0,0,0.0,68,30.47,false
205,644eb5f3fc13ae246d843053,0,0,0.0,56,79.99,false
206,644eb5f3fc13ae246d843054,0,0,0.0,40,14.38,true
207,644eb5f3fc13ae246d843055,0,0,0.0,36,14.37,true
208,644eb5f3fc13ae246d843056,0,0,0.0,36,42.61,false
209,644eb5f3fc13ae246d843057,0,0,0.0,52,18.33,true
210,644eb5f3fc13ae246d843058,0,0,0.0,2,59.52,true
211,644eb5f3fc13ae246d843059,0,0,0.0,61,56.35,true
212,644eb5f3fc13ae246d84305a,0,0,0.0,59,76.89,true
213,644eb5f3fc13ae246d84305b,0,0,0.0,73,24.72,false
214,644eb5f3fc13ae246d84305c,0,0,0.0,71,97.72,false
215,644eb5f3fc13ae246d84305d,0,0,0.0,65,37.09,true
216,644eb5f3fc13ae246d84305e,0,0,0.0,100,88.66,true
217,644eb5f3fc13ae246d84305f,0,0,0.0,20,56.62,false
218,644eb5f3fc13ae246d843060,0,0,0.0,59,42.66,true
219,644eb5f3fc13ae246d843061,0,0,0.0,79,98.18,false
220,644eb5f3fc13ae246d843062,0,0,0.0,19,88.0,false
221,644eb5f3fc13ae246d843063,0,0,0.0,70,69.89,false
222,644eb5f3fc13ae246d843064,0,0,0.0,22,48.69,true
223,644eb5f3fc13ae246d843065,0,0,0.0,48,92.69,true
224,644eb5f3fc13ae246d843066,0,0,0.0,81,4.32,true
225,644eb5f3fc13ae246d843067,0,0,0.0,26,33.94,true
226,644eb5f3fc13ae246d843068,0,0,0.0,15,2.63,true
227,644eb5f3fc13ae246d843069,0,0,0.0,53,82.59,false
228,644eb5f3fc13ae246d84306a,0,0,0.0,2,70.74,true
229,644eb5f3fc13ae246d84306b,0,0,0.0,64,80.56,true
230,644eb5f3fc13ae246d84306c,0,0,0.0,24,32.15,true
231,644eb5f3fc13ae246d84306d,0,0,0.0,25,86.96,false
232,644eb5f3fc13ae246d84306e,0,0,0.0,9,92.81,true
233,644eb5f3fc13ae246d84306f,0,0,0.0,70,83.23,true
234,644eb5f3fc13ae246d843070,0,0,0.0,15,88.15,true
235,644eb5f3fc13ae246d843071,0,0,0.0,49,34.03,false
236,644eb5f3fc13ae246d843072,0,0,0.0,52,41.42,true
237,644eb5f3fc13ae246d843073,0,0,0.0,53,31.92,false
238,644eb5f3fc13ae246d843074,0,0,0.0,5,41.73,false
239,644eb5f3fc13ae246d843075,0,0,0.0,14,84.49,false
240,644eb5f3fc13ae246d843076,0,0,0.0,58,99.62,true
241,644eb5f3fc13ae246d843077,0,0,0.0,36,81.28,false
242,644eb5f3fc13ae246d843078,0,0,0.0,38,95.23,false
243,644eb5f3fc13ae246d843079,0,0,0.0,41,25.87,false
244,644eb5f3fc13ae246d84307a,0,0,0.0,75,63.16,true
245,644eb5f3fc13ae246d84307b,0,0,0.0,25,83.75,true
246,644eb5f3fc13ae246d84307c,0,0,0.0,11,98.66,false
247,644eb5f3fc13ae246d84307d,0,0,0.0,10,92.03,true
248,644eb5f3fc13ae246d84307e,0,0,0.0,77,87.78,true
249,644eb5f3fc13ae246d84307f,0,0,0.0,30,33.73,true
250,644eb5f3fc13ae246d843080,0,0,0.0,95,90.55,false
251,644eb5f3fc13ae246d843081,0,0,0.0,41,81.2,true
252,644eb5f3fc13ae246d843082,0,0,0.0,62,67.84,false
253,644eb5f3fc13ae246d843083,0,0,0.0,14,97.83,false
254,644eb5f3fc13ae246d843084,0,0,0.0,53,81.8,true
255,644eb5f3fc13ae246d843085,0,0,0.0,97,81.58,false
256,644eb5f3fc13ae246d843086,0,0,0.0,69,6.68,true
257,644eb5f3fc13ae246d843087,0,0,0.0,45,42.02,true
258,644eb5f3fc13ae246d843088,0,0,0.0,63,75.62,false
259,644eb5f3fc13ae246d843089,0,0,0.0,88,52.25,true
260,644eb5f3fc13ae246d84308a,0,0,0.0,36,11.87,true
261,644eb5f3fc13ae246d84308b,0,0,0.0,80,91.2,false
262,644eb5f3fc13ae246d84308c,0,0,0.0,63,14.59,false
263,644eb5f3fc13ae246d84308d,0,0,0.0,15,84.17,true
264,644eb5f3fc13ae246d84308e,0,0,0.0,81,14.0,false
265,644eb5f3fc13ae246d84308f,0,0,0.0,83,96.6,false
266,644eb5f3fc13ae246d843090,0,0,0.0,84,35.1,false
267,644eb5f3fc13ae246d843091,0,0,0.0,90,43.71,false
268,644eb5f3fc13ae246d843092,0,0,0.0,72,62.02,false
269,644eb5f3fc13ae246d843093,0,0,0.0,88,62.38,false
270,644eb5f3fc13ae246d843094,0,0,0.0,30,49.65,false
271,644eb5f3fc13ae246d843095,0,0,0.0,35,73.25,false
272,644eb5f3fc13ae246d843096,0,0,0.0,48,46.09,true
273,644eb5f3fc13ae246d843097,0,0,0.0,24,24.66,true
274,644eb5f3fc13ae246d843098,0,0,0.0,47,95.57,false
275,644eb5f3fc13ae246d843099,0,0,0.0,11,90.96,true
276,644eb5f3fc13ae246d84309a,0,0,0.0,90,15.1,false
277,644eb5f3fc13ae246d84309b,0,0,0.0,54,48.34,true
278,644eb5f3fc13ae246d84309c,0,0,0.0,23,55.21,true
279,644eb5f3fc13ae246d84309d,0,0,0.0,82,79.38,true
280,644eb5f3fc13ae246d84309e,0,0,0.0,18,83.34,true
281,644eb5f3fc13ae246d84309f,0,0,0.0,90,12.08,true
282,644eb5f3fc13ae246d8430a0,0,0,0.0,6,85.93,false
283,644eb5f3fc13ae246d8430a1,0,0,0.0,36,87.88,false
284,644eb5f3fc13ae246d8430a2,0,0,0.0,46,63.98,true
285,644eb5f3fc13ae246d8430a3,0,0,0.0,28,85.67,true
286,644eb5f3fc13ae246d8430a4,0,0,0.0,60,76.76,false
287,644eb5f3fc13ae246d8430a5,0,0,0.0,61,56.65,false
288,644eb5f3fc13ae246d8430a6,0,0,0.0,93,1.64,false
289,644eb5f3fc13ae246d8430a7,0,0,0.0,71,53.33,true
290,644eb5f3fc13ae246d8430a8,0,0,0.0,90,79.17,true
291,644eb5f3fc13ae246d8430a9,0,0,0.0,96,96.92,false
292,644eb5f3fc13ae246d8430aa,0,0,0.0,44,40.12,true
293,644eb5f3fc13ae246d8430ab,0,0,0.0,80,46.77,true
294,644eb5f3fc13ae246d8430ac,0,0,0.0,9,75.48,false
295,644eb5f3fc13ae246d8430ad,0,0,0.0,91,99.37,false
296,644eb5f3fc13ae246d8430ae,0,0,0.0,15,56.62,true
297,644eb5f3fc13ae246d8430af,0,0,0.0,51,63.88,false
298,644eb5f3fc13ae246d8430b0,0,0,0.0,44,85.04,false
299,644eb5f3fc13ae246d8430b1,0,0,0.0,11,22.93,false
300,644eb5f3fc13ae246d8430b2,0,0,0.0,44,41.91,false
301,644eb5f3fc13ae246d8430b3,0,0,0.0,61,50.59,true
302,644eb5f3fc13ae246d8430b4,0,0,0.0,3,77.55,true
303,644eb5f3fc13ae246d8430b5,0,0,0.0,52,75.68,false
304,644eb5f3fc13ae246d8430b6,0,0,0.0,24,64.89,true
305,644eb5f3fc13ae246d8430b7,0,0,0.0,97,41.37,true
306,644eb5f3fc13ae246d8430b8,0,0,0.0,59,78.01,false
307,644eb5f3fc13ae246d8430b9,0,0,0.0,35,27.7,false
308,644eb5f3fc13ae246d8430ba,0,0,0.0,4,28.33,true
309,644eb5f3fc13ae246d8430bb,0,0,0.0,51,30.06,true
310,644eb5f3fc13ae246d8430bc,0,0,0.0,43,62.84,false
311,644eb5f3fc13ae246d8430bd,0,0,0.0,94,14.17,false
312,644eb5f3fc13ae246d8430be,0,0,0.0,86,79.61,false
313,644eb5f3fc13ae246d8430bf,0,0,0.0,99,64.95,true
314,644eb5f3fc13ae246d8430c0,0,0,0.0,80,99.0,false
315,644eb5f3fc13ae246d8430c1,0,0,0.0,43,21.4,true
316,644eb5f3fc13ae246d8430c2,0,0,0.0,47,95.15,true
317,644eb5f3fc13ae246d8430c3,0,0,0.0,69,22.2,false
318,644eb5f3fc13ae246d8430c4,0,0,0.0,58,58.76,true
319,644eb5f3fc13ae246d8430c5,0,0,0.0,49,53.73,false
320,644eb5f3fc13ae246d8430c6,0,0,0.0,67,19.66,false
321,644eb5f3fc13ae246d8430c7,0,0,0.0,16,44.28,true
322,644eb5f3fc13ae246d8430c8,0,0,0.0,51,24.09,false
323,644eb5f3fc13ae246d8430c9,0,0,0.0,72,91.59,true
324,644eb5f3fc13ae246d8430ca,0,0,0.0,89,39.17,false
325,644eb5f3fc13ae246d8430cb,0,0,0.0,83,52.99,false
326,644eb5f3fc13ae246d8430cc,0,0,0.0,8,26.0,false
327,644eb5f3fc13ae246d8430cd,0,0,0.0,67,71.67,false
328,644eb5f3fc13ae246d8430ce,0,0,0.0,53,4.49,true
329,644eb5f3fc13ae246d8430cf,0,0,0.0,46,10.2,true
330,644eb5f3fc13ae246d8430d0,0,0,0.0,63,5.6,true
331,644eb5f3fc13ae246d8430d1,0,0,0.0,55,69.09,false
332,644eb5f3fc13ae246d8430d2,0,0,0.0,38,13.23,false
333,644eb5f3fc13ae246d8430d3,0,0,0.0,46,66.44,true
334,644eb5f3fc13ae246d8430d4,0,0,0.0,57,4.27,false
335,644eb5f3fc13ae246d8430d5,0,0,0.0,61,57.28,false
336,644eb5f3fc13ae246d8430d6,0,0,0.0,59,89.35,false
337,644eb5f3fc13ae246d8430d7,0,0,0.0,67,67.79,true
338,644eb5f3fc13ae246d8430d8,0,0,0.0,84,72.49,true
339,644eb5f3fc13ae246d8430d9,0,0,0.0,81,66.86,true
340,644eb5f3fc13ae246d8430da,0,0,0.0,24,37.12,false
341,644eb5f3fc13ae246d8430db,0,0,0.0,87,71.28,false
342,644eb5f3fc13ae246d8430dc,0,0,0.0,78,33.22,true
343,644eb5f3fc13ae246d8430dd,0,0,0.0,36,33.02,false
344,644eb5f3fc13ae246d8430de,0,0,0.0,33,11.67,true
345,644eb5f3fc13ae246d8430df,0,0,0.0,47,52.1,true
346,644eb5f3fc13ae246d8430e0,0,0,0.0,48,52.7,true
347,644eb5f3fc13ae246d8430e1,0,0,0.0,98,81.82,false
348,644eb5f3fc13ae246d8430e2,0,0,0.0,49,37.16,false
349,644eb5f3fc13ae246d8430e3,0,0,0.0,98,38.07,false
350,644eb5f3fc13ae246d8430e4,0,0,0.0,20,35.28,false
351,644eb5f3fc13ae246d8430e5,0,0,0.0,61,61.82,false
352,644eb5f3fc13ae246d8430e6,0,0,0.0,62,82.9,false
353,644eb5f3fc13ae246d8430e7,0,0,0.0,55,98.56,true
354,644eb5f3fc13ae246d8430e8,0,0,0.0,22,53.24,false
355,644eb5f3fc13ae246d8430e9,0,0,0.0,90,40.35,false
356,644eb5f3fc13ae246d8430ea,0,0,0.0,82,32.07,false
357,644eb5f3fc13ae246d8430eb,0,0,0.0,21,54.16,true
358,644eb5f3fc13ae246d8430ec,0,0,0.0,12,95.62,false
359,644eb5f3fc13ae246d8430ed,0,0,0.0,34,19.73,true
360,644eb5f3fc13ae246d8430ee,0,0,0.0,34,89.3,false
361,644eb5f3fc13ae246d8430ef,0,0,0.0,1,6.28,true
362,644eb5f3fc13ae246d8430f0,0,0,0.0,77,78.29,false
363,644eb5f3fc13ae246d8430f1,0,0,0.0,26,59.09,false
364,644eb5f3fc13ae246d8430f2,0,0,0.0,74,89.1,false
365,644eb5f3fc13ae246d8430f3,0,0,0.0,29,65.33,true
366,644eb5f3fc13ae246d8430f4,0,0,0.0,91,7.19,true
367,644eb5f3fc13ae246d8430f5,0,0,0.0,20,99.86,false
368,644eb5f3fc13ae246d8430f6,0,0,0.0,57,90.06,false
369,644eb5f3fc13ae246d8430f7,0,0,0.0,67,98.74,true
370,644eb5f3fc13ae246d8430f8,0,0,0.0,35,34.88,false
371,644eb5f3fc13ae246d8430f9,0,0,0.0,39,68.19,false
372,644eb5f3fc13ae246d8430fa,0,0,0.0,65,78.75,true
373,644eb5f3fc13ae246d8430fb,0,0,0.0,40,19.29,true
374,644eb5f3fc13ae246d8430fc,0,0,0.0,66,73.79,true
375,644eb5f3fc13ae246d8430fd,0,0,0.0,20,1.76,true
376,644eb5f3fc13ae246d8430fe,0,0,0.0,50,32.99,false
377,644eb5f3fc13ae246d8430ff,0,0,0.0,66,91.98,false
378,644eb5f3fc13ae246d843100,0,0,0.0,92,22.64,true
379,644eb5f3fc13ae246d843101,0,0,0.0,2,3.46,false
380,644eb5f3fc13ae246d843102,0,0,0.0,30,46.21,false
381,644eb5f3fc13ae246d843103,0,0,0.0,42,28.1,true
382,644eb5f3fc13ae246d843104,0,0,0.0,84,64.43,false
383,644eb5f3fc13ae246d843105,0,0,0.0,99,7.39,false
384,644eb5f3fc13ae246d843106,0,0,0.0,36,50.84,false
385,644eb5f3fc13ae246d843107,0,0,0.0,72,40.93,false
386,644eb5f3fc13ae246d843108,0,0,0.0,76,33.81,true
387,644eb5f3fc13ae246d843109,0,0,0.0,56,14.66,true
388,644eb5f3fc13ae246d84310a,0,0,0.0,95,18.89,false
389,644eb5f3fc13ae246d84310b,0,0,0.0,60,95.54,true
390,644eb5f3fc13ae246d84310c,0,0,0.0,24,25.03,false
391,644eb5f3fc13ae246d84310d,0,0,0.0,75,52.42,false
392,644eb5f3fc13ae246d84310e,0,0,0.0,87,67.94,true
393,644eb5f3fc13ae246d84310f,0,0,0.0,21,80.31,true
394,644eb5f3fc13ae246d843110,0,0,0.0,68,59.69,false
395,644eb5f3fc13ae246d843111,0,0,0.0,64,34.89,true
396,644eb5f3fc13ae246d843112,0,0,0.0,4,35.94,true
397,644eb5f3fc13ae246d843113,0,0,0.0,11,83.64,false
398,644eb5f3fc13ae246d843114,0,0,0.0,70,53.49,true
399,644eb5f3fc13ae246d843115,0,0,0.0,37,75.67,true
400,644eb5f3fc13ae246d843116,0,0,0.0,9,64.34,true
401,644eb5f3fc13ae246d843117,0,0,0.0,51,58.8,false
402,644eb5f3fc13ae246d843118,0,0,0.0,88,26.88,false
403,644eb5f3fc13ae246d843119,0,0,0.0,95,36.9,true
404,644eb5f3fc13ae246d84311a,0,0,0.0,66,84.71,true
405,644eb5f3fc13ae246d84311b,0,0,0.0,20,97.72,false
406,644eb5f3fc13ae246d84311c,0,0,0.0,33,50.15,true
407,644eb5f3fc13ae246d84311d,0,0,0.0,16,31.89,false
408,644eb5f3fc13ae246d84311e,0,0,0.0,94,16.77,false
409,644eb5f3fc13ae246d84311f,0,0,0.0,44,15.96,false
410,644eb5f3fc13ae246d843120,0,0,0.0,42,31.45,true
411,644eb5f3fc13ae246d843121,0,0,0.0,42,72.29,true
412,644eb5f3fc13ae246d843122,0,0,0.0,26,8.64,true
413,644eb5f3fc13ae246d843123,0,0,0.0,50,61.26,true
414,644eb5f3fc13ae246d843124,0,0,0.0,94,15.19,false
415,644eb5f3fc13ae246d843125,0,0,0.0,29,11.69,true
416,644eb5f3fc13ae246d843126,0,0,0.0,65,69.74,false
417,644eb5f3fc13ae246d843127,0,0,0.0,52,20.04,false
418,644eb5f3fc13ae246d843128,0,0,0.0,83,7.71,true
419,644eb5f3fc13ae246d843129,0,0,0.0,8,60.92,true
420,644eb5f3fc13ae246d84312a,0,0,0.0,87,49.25,false
421,644eb5f3fc13ae246d84312b,0,0,0.0,53,38.63,false
422,644eb5f3fc13ae246d84312c,0,0,0.0,36,10.71,false
423,644eb5f3fc13ae246d84312d,0,0,0.0,91,14.55,true
424,644eb5f3fc13ae246d84312e,0,0,0.0,100,29.49,true
425,644eb5f3fc13ae246d84312f,0,0,0.0,74,61.76,false
426,644eb5f3fc13ae246d843130,0,0,0.0,12,31.35,true
427,644eb5f3fc13ae246d843131,0,0,0.0,60,85.3,true
428,644eb5f3fc13ae246d843132,0,0,0.0,41,17.0,true
429,644eb5f3fc13ae246d843133,0,0,0.0,67,79.31,false
430,644eb5f3fc13ae246d843134,0,0,0.0,77,20.34,true
431,644eb5f3fc13ae246d843135,0,0,0.0,45,4.64,true
432,644eb5f3fc13ae246d843136,0,0,0.0,36,31.3,false
433,644eb5f3fc13ae246d843137,0,0,0.0,22,89.0,true
434,644eb5f3fc13ae246d843138,0,0,0.0,1,57.6,true
435,644eb5f3fc13ae246d843139,0,0,0.0,70,23.33,false
436,644eb5f3fc13ae246d84313a,0,0,0.0,89,5.32,false
437,644eb5f3fc13ae246d84313b,0,0,0.0,33,7.25,true
438,644eb5f3fc13ae246d84313c,0,0,0.0,100,8.84,false
439,644eb5f3fc13ae246d84313d,0,0,0.0,97,27.07,true
440,644eb5f3fc13ae246d84313e,0,0,0.0,22,71.07,false
441,644eb5f3fc13ae246d84313f,0,0,0.0,84,65.43,true
442,644eb5f3fc13ae246d843140,0,0,0.0,47,66.76,true
443,644eb5f3fc13ae246d843141,0,0,0.0,94,9.46,false
444,644eb5f3fc13ae246d843142,0,0,0.0,25,97.66,true
445,644eb5f3fc13ae246d843143,0,0,0.0,59,10.02,false
446,644eb5f3fc13ae246d843144,0,0,0.0,7,33.24,true
447,644eb5f3fc13ae246d843145,0,0,0.0,5,80.78,false
448,644eb5f3fc13ae246d843146,0,0,0.0,26,99.56,true
449,644eb5f3fc13ae246d843147,0,0,0.0,23,61.21,false
450,644eb5f3fc13ae246d843148,0,0,0.0,52,60.74,true
451,644eb5f3fc13ae246d843149,0,0,0.0,37,75.82,false
452,644eb5f3fc13ae246d84314a,0,0,0.0,41,87.24,false
453,644eb5f3fc13ae246d84314b,0,0,0.0,96,65.61,true
454,644eb5f3fc13ae246d84314c,0,0,0.0,85,33.22,true
455,644eb5f3fc13ae246d84314d,0,0,0.0,70,73.49,true
456,644eb5f3fc13ae246d84314e,0,0,0.0,80,86.76,false
457,644eb5f3fc13ae246d84314f,0,0,0.0,25,20.6,true
458,644eb5f3fc13ae246d843150,0,0,0.0,62,64.84,true
459,644eb5f3fc13ae246d843151,0,0,0.0,32,24.13,true
460,644eb5f3fc13ae246d843152,0,0,0.0,3,37.64,true
461,644eb5f3fc13ae246d843153,0,0,0.0,79,98.75,false
462,644eb5f3fc13ae246d843154,0,0,0.0,94,88.91,false
463,644eb5f3fc13ae246d843155,0,0,0.0,4,58.36,true
464,644eb5f3fc13ae246d843156,0,0,0.0,80,42.94,true
465,644eb5f3fc13ae246d843157,0,0,0.0,14,63.65,false
466,644eb5f3fc13ae246d843158,0,0,0.0,57,67.86,true
467,644eb5f3fc13ae246d843159,0,0,0.0,21,85.51,true
468,644eb5f3fc13ae246d84315a,0,0,0.0,97,91.07,false
469,644eb5f3fc13ae246d84315b,0,0,0.0,67,19.98,true
470,644eb5f3fc13ae246d84315c,0,0,0.0,93,54.56,false
471,644eb5f3fc13ae246d84315d,0,0,0.0,0,36.58,true
472,644eb5f3fc13ae246d84315e,0,0,0.0,16,46.67,false
473,644eb5f3fc13ae246d84315f,0,0,0.0,50,73.08,false
474,644eb5f3fc13ae246d843160,0,0,0.0,18,50.08,false
475,644eb5f3fc13ae246d843161,0,0,0.0,34,57.77,false
476,644eb5f3fc13ae246d843162,0,0,0.0,41,67.63,false
477,644eb5f3fc13ae246d843163,0,0,0.0,27,96.74,false
478,644eb5f3fc13ae246d843164,0,0,0.0,88,5.98,false
479,644eb5f3fc13ae246d843165,0,0,0.0,35,62.31,true
480,644eb5f3fc13ae246d843166,0,0,0.0,65,19.95,true
481,644eb5f3fc13ae246d843167,0,0,0.0,94,31.34,true
482,644eb5f3fc13ae246d843168,0,0,0.0,48,97.02,false
483,644eb5f3fc13ae246d843169,0,0,0.0,37,99.49,true
484,644eb5f3fc13ae246d84316a,0,0,0.0,36,45.79,true
485,644eb5f3fc13ae246d84316b,0,0,0.0,86,3.31,false
486,644eb5f3fc13ae246d84316c,0,0,0.0,13,61.43,false
487,644eb5f3fc13ae246d84316d,0,0,0.0,90,74.74,false
488,644eb5f3fc13ae246d84316e,0,0,0.0,23,11.41,false
489,644eb5f3fc13ae246d84316f,0,0,0.0,36,50.37,true
490,644eb5f3fc13ae246d843170,0,0,0.0,84,17.97,false
491,644eb5f3fc13ae246d843171,0,0,0.0,59,7.35,true
492,644eb5f3fc13ae246d843172,0,0,0.0,11,35.55,true
493,644eb5f3fc13ae246d843173,0,0,0.0,50,17.38,true
494,644eb5f3fc13ae246d843174,0,0,0.0,73,76.65,false
495,644eb5f3fc13ae246d843175,0,0,0.0,58,29.7,true
496,644eb5f3fc13ae246d843176,0,0,0.0,8,63.46,false
497,644eb5f3fc13ae246d843177,0,0,0.0,36,94.75,true
498,644eb5f3fc13ae246d843178,0,0,0.0,62,39.62,true
499,644eb5f3fc13ae246d843179,0,0,0.0,56,36.39,true
500,644eb5f3fc13ae246d84317a,0,0,0.0,45,45.6,false
501,644eb5f3fc13ae246d84317b,0,0,0.0,66,32.36,false
502,644eb5f3fc13ae246d84317c,0,0,0.0,61,27.84,false
503,644eb5f3fc13ae246d84317d,0,0,0.0,10,23.42,true
504,644eb5f3fc13ae246d84317e,0,0,0.0,93,93.53,true
505,644eb5f3fc13ae246d84317f,0,0,0.0,35,63.87,true
506,644eb5f3fc13ae246d843180,0,0,0.0,46,47.0,true
507,644eb5f3fc13ae246d843181,0,0,0.0,15,67.84,false
508,644eb5f3fc13ae246d843182,0,0,0.0,95,57.34,true
509,644eb5f4fc13ae246d843183,0,0,0.0,63,37.77,false
510,644eb5f4fc13ae246d843184,0,0,0.0,62,18.23,true
511,644eb5f4fc13ae246d843185,0,0,0.0,69,99.98,false
512,644eb5f4fc13ae246d843186,0,0,0.0,99,36.39,true
513,644eb5f4fc13ae246d843187,0,0,0.0,18,67.72,false
514,644eb5f4fc13ae246d843188,0,0,0.0,40,1.75,true
515,644eb5f4fc13ae246d843189,0,0,0.0,14,89.26,true
516,644eb5f4fc13ae246d84318a,0,0,0.0,71,68.57,false
517,644eb5f4fc13ae246d84318b,0,0,0.0,94,97.91,false
518,644eb5f4fc13ae246d84318c,0,0,0.0,63,41.08,true
519,644eb5f4fc13ae246d84318d,0,0,0.0,64,18.5,false
520,644eb5f4fc13ae246d84318e,0,0,0.0,35,47.85,false
521,644eb5f4fc13ae246d84318f,0,0,0.0,62,77.35,false
522,644eb5f4fc13ae246d843190,0,0,0.0,25,65.21,true
523,644eb5f4fc13ae246d843191,0,0,0.0,42,60.89,false
524,644eb5f4fc13ae246d843192,0,0,0.0,4,51.22,true
525,644eb5f4fc13ae246d843193,0,0,0.0,51,58.51,false
526,644eb5f4fc13ae246d843194,0,0,0.0,18,63.7,false
527,644eb5f4fc13ae246d843195,0,0,0.0,70,64.99,true
528,644eb5f4fc13ae246d843196,0,0,0.0,76,41.88,true
529,644eb5f4fc13ae246d843197,0,0,0.0,36,25.86,false
530,644eb5f4fc13ae246d843198,0,0,0.0,24,66.12,false
531,644eb5f4fc13ae246d843199,0,0,0.0,61,67.41,false
532,644eb5f4fc13ae246d84319a,0,0,0.0,37,10.47,false
533,644eb5f4fc13ae246d84319b,0,0,0.0,12,15.05,true
534,644eb5f4fc13ae246d84319c,0,0,0.0,91,76.99,true
535,644eb5f4fc13ae246d84319d,0,0,0.0,100,97.03,false
536,644eb5f4fc13ae246d84319e,0,0,0.0,49,14.31,true
537,644eb5f4fc13ae246d84319f,0,0,0.0,25,55.32,true
538,644eb5f4fc13ae246d8431a0,0,0,0.0,56,81.92,false
539,644eb5f4fc13ae246d8431a1,0,0,0.0,45,33.21,true
540,644eb5f4fc13ae246d8431a2,0,0,0.0,2,56.76,true
541,644eb5f4fc13ae246d8431a3,0,0,0.0,15,70.55,false
542,644eb5f4fc13ae246d8431a4,0,0,0.0,85,13.98,true
543,644eb5f4fc13ae246d8431a5,0,0,0.0,7,99.39,false
544,644eb5f4fc13ae246d8431a6,0,0,0.0,86,59.05,true
545,644eb5f4fc13ae246d8431a7,0,0,0.0,94,19.78,false
546,644eb5f4fc13ae246d8431a8,0,0,0.0,49,60.14,true
547,644eb5f4fc13ae246d8431a9,0,0,0.0,46,89.61,false
548,644eb5f4fc13ae246d8431aa,0,0,0.0,84,7.19,true
549,644eb5f4fc13ae246d8431ab,0,0,0.0,0,51.0,false
550,644eb5f4fc13ae246d8431ac,0,0,0.0,91,82.86,true
551,644eb5f4fc13ae246d8431ad,0,0,0.0,5,62.03,false
552,644eb5f4fc13ae246d8431ae,0,0,0.0,29,99.91,false
553,644eb5f4fc13ae246d8431af,0,0,0.0,26,84.03,false
554,644eb5f4fc13ae246d8431b0,0,0,0.0,29,86.86,true
555,644eb5f4fc13ae246d8431b1,0,0,0.0,76,99.84,false
556,644eb5f4fc13ae246d8431b2,0,0,0.0,70,75.75,true
557,644eb5f4fc13ae246d8431b3,0,0,0.0,8,43.6,true
558,644eb5f4fc13ae246d8431b4,0,0,0.0,88,34.52,true
559,644eb5f4fc13ae246d8431b5,0,0,0.0,60,42.43,false
560,644eb5f4fc13ae246d8431b6,0,0,0.0,31,46.06,false
561,644eb5f4fc13ae246d8431b7,0,0,0.0,18,17.39,true
562,644eb5f4fc13ae246d8431b8,0,0,0.0,44,38.44,false
563,644eb5f4fc13ae246d8431b9,0,0,0.0,95,27.46,false
564,644eb5f4fc13ae246d8431ba,0,0,0.0,65,71.88,false
565,644eb5f4fc13ae246d8431bb,0,0,0.0,54,54.17,true
566,644eb5f4fc13ae246d8431bc,0,0,0.0,34,94.94,false
567,644eb5f4fc13ae246d8431bd,0,0,0.0,24,72.86,false
568,644eb5f4fc13ae246d8431be,0,0,0.0,78,55.03,false
569,644eb5f4fc13ae246d8431bf,0,0,0.0,84,43.98,false
570,644eb5f4fc13ae246d8431c0,0,0,0.0,44,72.49,false
571,644eb5f4fc13ae246d8431c1,0,0,0.0,55,44.43,true
572,644eb5f4fc13ae246d8431c2,0,0,0.0,20,13.55,false
573,644eb5f4fc13ae246d8431c3,0,0,0.0,24,44.56,false
574,644eb5f4fc13ae246d8431c4,0,0,0.0,29,48.49,false
575,644eb5f4fc13ae246d8431c5,0,0,0.0,81,43.06,false
576,644eb5f4fc13ae246d8431c6,0,0,0.0,67,14.03,true
577,644eb5f4fc13ae246d8431c7,0,0,0.0,92,40.2,true
578,644eb5f4fc13ae246d8431c8,0,0,0.0,55,45.37,false
579,644eb5f4fc13ae246d8431c9,0,0,0.0,41,9.09,true
580,644eb5f4fc13ae246d8431ca,0,0,0.0,65,88.47,true
581,644eb5f4fc13ae246d8431cb,0,0,0.0,26,21.17,true
582,644eb5f4fc13ae246d8431cc,0,0,0.0,38,76.07,false
583,644eb5f4fc13ae246d8431cd,0,0,0.0,5,82.63,true
584,644eb5f4fc13ae246d8431ce,0,0,0.0,87,74.59,true
585,644eb5f4fc13ae246d8431cf,0,0,0.0,21,2.91,true
586,644eb5f4fc13ae246d8431d0,0,0,0.0,47,64.05,true
587,644eb5f4fc13ae246d8431d1,0,0,0.0,15,56.37,false
588,644eb5f4fc13ae246d8431d2,0,0,0.0,95,55.56,true
589,644eb5f4fc13ae246d8431d3,0,0,0.0,53,59.23,true
590,644eb5f4fc13ae246d8431d4,0,0,0.0,61,39.15,false
591,644eb5f4fc13ae246d8431d5,0,0,0.0,40,47.1,true
592,644eb5f4fc13ae246d8431d6,0,0,0.0,89,65.51,true
593,644eb5f4fc13ae246d8431d7,0,0,0.0,71,73.0,true
594,644eb5f4fc13ae246d8431d8,0,0,0.0,17,42.2,true
595,644eb5f4fc13ae246d8431d9,0,0,0.0,48,61.83,false
596,644eb5f4fc13ae246d8431da,0,0,0.0,44,80.12,true
597,644eb5f4fc13ae246d8431db,0,0,0.0,23,11.15,true
598,644eb5f4fc13ae246d8431dc,0,0,0.0,49,99.21,false
599,644eb5f4fc13ae246d8431dd,0,0,0.0,58,88.5,false
600,644eb5f4fc13ae246d8431de,0,0,0.0,69,88.87,true
601,644eb5f4fc13ae246d8431df,0,0,0.0,7,48.08,true
602,644eb5f4fc13ae246d8431e0,0,0,0.0,47,80.66,false
603,644eb5f4fc13ae246d8431e1,0,0,0.0,81,21.93,false
604,644eb5f4fc13ae246d8431e2,0,0,0.0,46,60.4,true
605,644eb5f4fc13ae246d8431e3,0,0,0.0,33,53.34,true
606,644eb5f4fc13ae246d8431e4,0,0,0.0,90,76.75,false
607,644eb5f4fc13ae246d8431e5,0,0,0.0,69,96.58,false
608,644eb5f4fc13ae246d8431e6,0,0,0.0,67,14.76,false
609,644eb5f4fc13ae246d8431e7,0,0,0.0,83,15.32,true
610,644eb5f4fc13ae246d8431e8,0,0,0.0,14,64.11,true
611,644eb5f4fc13ae246d8431e9,0,0,0.0,34,88.64,true
612,644eb5f4fc13ae246d8431ea,0,0,0.0,45,30.81,true
613,644eb5f4fc13ae246d8431eb,0,0,0.0,23,69.87,false
614,644eb5f4fc13ae246d8431ec,0,0,0.0,82,93.66,true
615,644eb5f4fc13ae246d8431ed,0,0,0.0,77,72.12,false
616,644eb5f4fc13ae246d8431ee,0,0,0.0,91,7.98,true
617,644eb5f4fc13ae246d8431ef,0,0,0.0,93,27.29,false
618,644eb5f4fc13ae246d8431f0,0,0,0.0,48,63.49,true
619,644eb5f4fc13ae246d8431f1,0,0,0.0,23,69.36,true
620,644eb5f4fc13ae246d8431f2,0,0,0.0,17,14.46,true
621,644eb5f4fc13ae246d8431f3,0,0,0.0,80,49.49,false
622,644eb5f4fc13ae246d8431f4,0,0,0.0,54,2.41,false
623,644eb5f4fc13ae246d8431f5,0,0,0.0,34,60.87,false
624,644eb5f4fc13ae246d8431f6,0,0,0.0,71,33.72,false
625,644eb5f4fc13ae246d8431f7,0,0,0.0,67,26.71,false
626,644eb5f4fc13ae246d8431f8,0,0,0.0,28,14.03,false
627,644eb5f4fc13ae246d8431f9,0,0,0.0,95,61.4,true
628,644eb5f4fc13ae246d8431fa,0,0,0.0,47,90.15,false
629,644eb5f4fc13ae246d8431fb,0,0,0.0,55,74.34,false
630,644eb5f4fc13ae246d8431fc,0,0,0.0,81,73.32,false
631,644eb5f4fc13ae246d8431fd,0,0,0.0,90,17.25,false
632,644eb5f4fc13ae246d8431fe,0,0,0.0,62,54.87,false
633,644eb5f4fc13ae246d8431ff,0,0,0.0,49,73.19,true
634,644eb5f4fc13ae246d843200,0,0,0.0,43,64.8,false
635,644eb5f4fc13ae246d843201,0,0,0.0,28,58.18,false
636,644eb5f4fc13ae246d843202,0,0,0.0,15,45.03,false
637,644eb5f4fc13ae246d843203,0,0,0.0,74,12.93,false
638,644eb5f4fc13ae246d843204,0,0,0.0,44,74.09,false
639,644eb5f4fc13ae246d843205,0,0,0.0,20,98.16,true
640,644eb5f4fc13ae246d843206,0,0,0.0,16,38.0,true
641,644eb5f4fc13ae246d843207,0,0,0.0,4,68.1,true
642,644eb5f4fc13ae246d843208,0,0,0.0,40,60.77,false
643,644eb5f4fc13ae246d843209,0,0,0.0,60,28.46,false
644,644eb5f4fc13ae246d84320a,0,0,0.0,6,17.65,true
645,644eb5f4fc13ae246d84320b,0,0,0.0,34,49.39,true
646,644eb5f4fc13ae246d84320c,0,0,0.0,48,96.87,true
647,644eb5f4fc13ae246d84320d,0,0,0.0,89,18.58,false
648,644eb5f4fc13ae246d84320e,0,0,0.0,48,52.68,false
649,644eb5f4fc13ae246d84320f,0,0,0.0,30,56.49,false
650,644eb5f4fc13ae246d843210,0,0,0.0,67,50.75,true
651,644eb5f4fc13ae246d843211,0,0,0.0,60,72.88,true
652,644eb5f4fc13ae246d843212,0,0,0.0,0,2.01,true
653,644eb5f4fc13ae246d843213,0,0,0.0,91,44.97,true
654,644eb5f4fc13ae246d843214,0,0,0.0,90,92.88,true
655,644eb5f4fc13ae246d843215,0,0,0.0,16,87.41,true
656,644eb5f4fc13ae246d843216,0,0,0.0,2,86.96,false
657,644eb5f4fc13ae246d843217,0,0,0.0,78,85.83,true
658,644eb5f4fc13ae246d843218,0,0,0.0,54,27.36,true
659,644eb5f4fc13ae246d843219,0,0,0.0,85,63.52,true
660,644eb5f4fc13ae246d84321a,0,0,0.0,0,67.17,true
661,644eb5f4fc13ae246d84321b,0,0,0.0,81,53.83,true
662,644eb5f4fc13ae246d84321c,0,0,0.0,12,45.42,false
663,644eb5f4fc13ae246d84321d,0,0,0.0,58,68.48,true
664,644eb5f4fc13ae246d84321e,0,0,0.0,53,55.46,false
665,644eb5f4fc13ae246d84321f,0,0,0.0,31,40.13,true
666,644eb5f4fc13ae246d843220,0,0,0.0,97,7.46,false
667,644eb5f4fc13ae246d843221,0,0,0.0,98,26.35,true
668,644eb5f4fc13ae246d843222,0,0,0.0,64,72.1,false
669,644eb5f4fc13ae246d843223,0,0,0.0,15,24.16,true
670,644eb5f4fc13ae246d843224,0,0,0.0,14,34.07,true
671,644eb5f4fc13ae246d843225,0,0,0.0,19,62.9,true
672,644eb5f4fc13ae246d843226,0,0,0.0,57,68.48,false
673,644eb5f4fc13ae246d843227,0,0,0.0,27,77.52,false
674,644eb5f4fc13ae246d843228,0,0,0.0,87,81.71,false
675,644eb5f4fc13ae246d843229,0,0,0.0,89,22.44,true
676,644eb5f4fc13ae246d84322a,0,0,0.0,53,95.36,false
677,644eb5f4fc13ae246d84322b,0,0,0.0,57,33.35,false
678,644eb5f4fc13ae246d84322c,0,0,0.0,93,60.64,false
679,644eb5f4fc13ae246d84322d,0,0,0.0,72,17.77,true
680,644eb5f4fc13ae246d84322e,0,0,0.0,0,91.81,false
681,644eb5f4fc13ae246d84322f,0,0,0.0,55,87.37,false
682,644eb5f4fc13ae246d843230,0,0,0.0,0,24.04,true
683,644eb5f4fc13ae246d843231,0,0,0.0,30,57.37,true
684,644eb5f4fc13ae246d843232,0,0,0.0,23,6.54,false
685,644eb5f4fc13ae246d843233,0,0,0.0,86,10.79,true
686,644eb5f4fc13ae246d843234,0,0,0.0,78,31.48,true
687,644eb5f4fc13ae246d843235,0,0,0.0,34,27.31,false
688,644eb5f4fc13ae246d843236,0,0,0.0,12,44.4,false
689,644eb5f4fc13ae246d843237,0,0,0.0,4,9.67,false
690,644eb5f4fc13ae246d843238,0,0,0.0,39,4.34,true
691,644eb5f4fc13ae246d843239,0,0,0.0,47,28.13,true
692,644eb5f4fc13ae246d84323a,0,0,0.0,53,89.84,false
693,644eb5f4fc13ae246d84323b,0,0,0.0,20,6.69,false
694,644eb5f4fc13ae246d84323c,0,0,0.0,46,66.73,false
695,644eb5f4fc13ae246d84323d,0,0,0.0,76,76.5,true
696,644eb5f4fc13ae246d84323e,0,0,0.0,79,1.1,false
697,644eb5f4fc13ae246d84323f,0,0,0.0,40,19.66,true
698,644eb5f4fc13ae246d843240,0,0,0.0,30,78.0,false
699,644eb5f4fc13ae246d843241,0,0,0.0,93,81.03,false
700,644eb5f4fc13ae246d843242,0,0,0.0,70,48.52,true
701,644eb5f4fc13ae246d843243,0,0,0.0,100,59.46,false
702,644eb5f4fc13ae246d843244,0,0,0.0,50,22.82,true
703,644eb5f4fc13ae246d843245,0,0,0.0,5,81.08,true
704,644eb5f4fc13ae246d843246,0,0,0.0,61,24.07,true
705,644eb5f4fc13ae246d843247,0,0,0.0,17,24.65,false
706,644eb5f4fc13ae246d843248,0,0,0.0,77,49.54,false
707,644eb5f4fc13ae246d843249,0,0,0.0,69,60.59,false
708,644eb5f4fc13ae246d84324a,0,0,0.0,6,8.8,true
709,644eb5f4fc13ae246d84324b,0,0,0.0,57,21.48,false
710,644eb5f4fc13ae246d84324c,0,0,0.0,12,89.33,false
711,644eb5f4fc13ae246d84324d,0,0,0.0,72,89.43,true
712,644eb5f4fc13ae246d84324e,0,0,0.0,37,30.52,true
713,644eb5f4fc13ae246d84324f,0,0,0.0,82,89.12,false
714,644eb5f4fc13ae246d843250,0,0,0.0,68,76.81,false
715,644eb5f4fc13ae246d843251,0,0,0.0,55,79.23,false
716,644eb5f4fc13ae246d843252,0,0,0.0,86,90.49,true
717,644eb5f4fc13ae246d843253,0,0,0.0,39,83.21,true
718,644eb5f4fc13ae246d843254,0,0,0.0,44,3.85,false
719,644eb5f4fc13ae246d843255,0,0,0.0,89,18.83,true
720,644eb5f4fc13ae246d843256,0,0,0.0,95,45.03,false
721,644eb5f4fc13ae246d843257,0,0,0.0,17,94.28,false
722,644eb5f4fc13ae246d843258,0,0,0.0,89,6.21,true
723,644eb5f4fc13ae246d843259,0,0,0.0,71,55.58,false
724,644eb5f4fc13ae246d84325a,0,0,0.0,3,24.25,true
725,644eb5f4fc13ae246d84325b,0,0,0.0,9,28.34,true
726,644eb5f4fc13ae246d84325c,0,0,0.0,64,60.97,false
727,644eb5f4fc13ae246d84325d,0,0,0.0,39,62.63,true
728,644eb5f4fc13ae246d84325e,0,0,0.0,36,76.96,true
729,644eb5f4fc13ae246d84325f,0,0,0.0,79,69.34,false
730,644eb5f4fc13ae246d843260,0,0,0.0,27,38.79,false
731,644eb5f4fc13ae246d843261,0,0,0.0,11,61.19,false
732,644eb5f4fc13ae246d843262,0,0,0.0,80,26.3,true
733,644eb5f4fc13ae246d843263,0,0,0.0,23,35.09,false
734,644eb5f4fc13ae246d843264,0,0,0.0,45,23.62,false
735,644eb5f4fc13ae246d843265,0,0,0.0,58,82.68,true
736,644eb5f4fc13ae246d843266,0,0,0.0,46,10.7,false
737,644eb5f4fc13ae246d843267,0,0,0.0,9,73.8,false
738,644eb5f4fc13ae246d843268,0,0,0.0,44,89.58,true
739,644eb5f4fc13ae246d843269,0,0,0.0,69,16.77,false
740,644eb5f4fc13ae246d84326a,0,0,0.0,53,47.26,false
741,644eb5f4fc13ae246d84326b,0,0,0.0,49,64.62,true
742,644eb5f4fc13ae246d84326c,0,0,0.0,13,82.89,false
743,644eb5f4fc13ae246d84326d,0,0,0.0,40,86.26,false
744,644eb5f4fc13ae246d84326e,0,0,0.0,63,8.54,false
745,644eb5f4fc13ae246d84326f,0,0,0.0,6,23.64,true
746,644eb5f4fc13ae246d843270,0,0,0.0,60,7.61,false
747,644eb5f4fc13ae246d843271,0,0,0.0,25,1.04,false
748,644eb5f4fc13ae246d843272,0,0,0.0,21,64.28,true
749,644eb5f4fc13ae246d843273,0,0,0.0,22,60.84,true
750,644eb5f4fc13ae246d843274,0,0,0.0,85,31.06,true
751,644eb5f4fc13ae246d843275,0,0,0.0,91,15.49,true
752,644eb5f4fc13ae246d843276,0,0,0.0,12,44.71,true
753,644eb5f4fc13ae246d843277,0,0,0.0,75,44.37,false
754,644eb5f4fc13ae246d843278,0,0,0.0,88,75.19,false
755,644eb5f4fc13ae246d843279,0,0,0.0,80,93.15,true
756,644eb5f4fc13ae246d84327a,0,0,0.0,43,41.21,true
757,644eb5f4fc13ae246d84327b,0,0,0.0,69,70.63,false
758,644eb5f4fc13ae246d84327c,0,0,0.0,55,30.58,false
759,644eb5f4fc13ae246d84327d,0,0,0.0,23,6.65,false
760,644eb5f4fc13ae246d84327e,0,0,0.0,91,8.55,true
761,644eb5f4fc13ae246d84327f,0,0,0.0,83,38.79,true
762,644eb5f4fc13ae246d843280,0,0,0.0,2,1.01,true
763,644eb5f4fc13ae246d843281,0,0,0.0,11,78.08,false
764,644eb5f4fc13ae246d843282,0,0,0.0,9,64.65,false
765,644eb5f4fc13ae246d843283,0,0,0.0,99,35.86,false
766,644eb5f4fc13ae246d843284,0,0,0.0,90,74.33,true
767,644eb5f4fc13ae246d843285,0,0,0.0,92,12.83,true
768,644eb5f4fc13ae246d843286,0,0,0.0,7,93.85,true
769,644eb5f4fc13ae246d843287,0,0,0.0,5,13.99,false
770,644eb5f4fc13ae246d843288,0,0,0.0,23,14.88,true
771,644eb5f4fc13ae246d843289,0,0,0.0,24,34.42,true
772,644eb5f4fc13ae246d84328a,0,0,0.0,27,24.18,false
773,644eb5f4fc13ae246d84328b,0,0,0.0,74,65.66,false
774,644eb5f4fc13ae246d84328c,0,0,0.0,74,41.66,true
775,644eb5f4fc13ae246d84328d,0,0,0.0,92,22.83,false
776,644eb5f4fc13ae246d84328e,0,0,0.0,10,33.7,true
777,644eb5f4fc13ae246d84328f,0,0,0.0,16,56.21,true
778,644eb5f4fc13ae246d843290,0,0,0.0,49,5.76,true
779,644eb5f4fc13ae246d843291,0,0,0.0,72,12.51,true
780,644eb5f4fc13ae246d843292,0,0,0.0,69,90.05,true
781,644eb5f4fc13ae246d843293,0,0,0.0,72,66.51,true
782,644eb5f4fc13ae246d843294,0,0,0.0,48,59.96,false
783,644eb5f4fc13ae246d843295,0,0,0.0,47,83.5,false
784,644eb5f4fc13ae246d843296,0,0,0.0,87,41.9,false
785,644eb5f4fc13ae246d843297,0,0,0.0,83,31.52,false
786,644eb5f4fc13ae246d843298,0,0,0.0,76,27.0,false
787,644eb5f4fc13ae246d843299,0,0,0.0,72,96.79,true
788,644eb5f4fc13ae246d84329a,0,0,0.0,66,85.79,false
789,644eb5f4fc13ae246d84329b,0,0,0.0,15,78.47,false
790,644eb5f4fc13ae246d84329c,0,0,0.0,41,77.34,false
791,644eb5f4fc13ae246d84329d,0,0,0.0,55,14.28,false
792,644eb5f4fc13ae246d84329e,0,0,0.0,1,96.6,false
793,644eb5f4fc13ae246d84329f,0,0,0.0,14,63.84,true
794,644eb5f4fc13ae246d8432a0,0,0,0.0,6,26.84,false
795,644eb5f4fc13ae246d8432a1,0,0,0.0,48,75.45,true
796,644eb5f4fc13ae246d8432a2,0,0,0.0,91,29.89,true
797,644eb5f4fc13ae246d8432a3,0,0,0.0,67,11.98,false
798,644eb5f4fc13ae246d8432a4,0,0,0.0,6,60.68,true
799,644eb5f4fc13ae246d8432a5,0,0,0.0,47,37.87,true
800,644eb5f4fc13ae246d8432a6,0,0,0.0,42,18.13,true
801,644eb5f4fc13ae246d8432a7,0,0,0.0,29,78.78,false
802,644eb5f4fc13ae246d8432a8,0,0,0.0,42,58.98,false
803,644eb5f4fc13ae246d8432a9,0,0,0.0,26,83.4,true
804,644eb5f4fc13ae246d8432aa,0,0,0.0,60,93.56,false
805,644eb5f4fc13ae246d8432ab,0,0,0.0,62,99.89,false
806,644eb5f4fc13ae246d8432ac,0,0,0.0,8,26.61,false
807,644eb5f4fc13ae246d8432ad,0,0,0.0,88,91.37,false
808,644eb5f4fc13ae246d8432ae,0,0,0.0,7,1.71,true
809,644eb5f4fc13ae246d8432af,0,0,0.0,82,73.0,true
810,644eb5f4fc13ae246d8432b0,0,0,0.0,49,86.1,true
811,644eb5f4fc13ae246d8432b1,0,0,0.0,4,23.62,false
812,644eb5f4fc13ae246d8432b2,0,0,0.0,47,77.26,true
813,644eb5f4fc13ae246d8432b3,0,0,0.0,9,35.94,false
814,644eb5f4fc13ae246d8432b4,0,0,0.0,38,49.29,false
815,644eb5f4fc13ae246d8432b5,0,0,0.0,0,92.95,false
816,644eb5f4fc13ae246d8432b6,0,0,0.0,69,26.48,true
817,644eb5f4fc13ae246d8432b7,0,0,0.0,41,70.7,true
818,644eb5f4fc13ae246d8432b8,0,0,0.0,78,11.12,true
819,644eb5f4fc13ae246d8432b9,0,0,0.0,9,76.34,true
820,644eb5f4fc13ae246d8432ba,0,0,0.0,44,90.44,true
821,644eb5f4fc13ae246d8432bb,0,0,0.0,36,31.89,false
822,644eb5f4fc13ae246d8432bc,0,0,0.0,26,40.79,true
823,644eb5f4fc13ae246d8432bd,0,0,0.0,58,16.14,true
824,644eb5f4fc13ae246d8432be,0,0,0.0,63,9.86,false
825,644eb5f4fc13ae246d8432bf,0,0,0.0,65,36.62,false
826,644eb5f4fc13ae246d8432c0,0,0,0.0,6,74.36,false
827,644eb5f4fc13ae246d8432c1,0,0,0.0,18,62.06,false
828,644eb5f4fc13ae246d8432c2,0,0,0.0,33,4.02,false
829,644eb5f4fc13ae246d8432c3,0,0,0.0,89,38.09,true
830,644eb5f4fc13ae246d8432c4,0,0,0.0,66,44.62,false
831,644eb5f4fc13ae246d8432c5,0,0,0.0,21,34.96,true
832,644eb5f4fc13ae246d8432c6,0,0,0.0,94,28.93,false
833,644eb5f4fc13ae246d8432c7,0,0,0.0,47,14.74,false
834,644eb5f4fc13ae246d8432c8,0,0,0.0,65,98.52,true
835,644eb5f4fc13ae246d8432c9,0,0,0.0,41,71.8,true
836,644eb5f4fc13ae246d8432ca,0,0,0.0,40,76.51,true
837,644eb5f4fc13ae246d8432cb,0,0,0.0,90,49.03,true
838,644eb5f4fc13ae246d8432cc,0,0,0.0,11,10.0,false
839,644eb5f4fc13ae246d8432cd,0,0,0.0,10,85.12,true
840,644eb5f4fc13ae246d8432ce,0,0,0.0,74,84.49,false
841,644eb5f4fc13ae246d8432cf,0,0,0.0,6,23.09,true
842,644eb5f4fc13ae246d8432d0,0,0,0.0,15,61.68,true
843,644eb5f4fc13ae246d8432d1,0,0,0.0,94,57.83,true
844,644eb5f4fc13ae246d8432d2,0,0,0.0,90,47.33,true
845,644eb5f4fc13ae246d8432d3,0,0,0.0,96,12.88,false
846,644eb5f4fc13ae246d8432d4,0,0,0.0,78,6.91,true
847,644eb5f4fc13ae246d8432d5,0,0,0.0,53,38.34,false
848,644eb5f4fc13ae246d8432d6,0,0,0.0,58,23.36,false
849,644eb5f4fc13ae246d8432d7,0,0,0.0,4,36.6,false
850,644eb5f4fc13ae246d8432d8,0,0,0.0,92,40.96,false
851,644eb5f4fc13ae246d8432d9,0,0,0.0,13,43.25,false
852,644eb5f4fc13ae246d8432da,0,0,0.0,30,44.86,true
853,644eb5f4fc13ae246d8432db,0,0,0.0,12,49.67,false
854,644eb5f4fc13ae246d8432dc,0,0,0.0,63,16.24,true
855,644eb5f4fc13ae246d8432dd,0,0,0.0,46,26.9,true
856,644eb5f4fc13ae246d8432de,0,0,0.0,60,17.81,false
857,644eb5f4fc13ae246d8432df,0,0,0.0,74,84.04,false
858,644eb5f4fc13ae246d8432e0,0,0,0.0,53,69.86,false
859,644eb5f4fc13ae246d8432e1,0,0,0.0,25,82.06,true
860,644eb5f4fc13ae246d8432e2,0,0,0.0,86,90.37,true
861,644eb5f4fc13ae246d8432e3,0,0,0.0,60,98.3,true
862,644eb5f4fc13ae246d8432e4,0,0,0.0,61,17.54,true
863,644eb5f4fc13ae246d8432e5,0,0,0.0,47,61.17,true
864,644eb5f4fc13ae246d8432e6,0,0,0.0,91,64.12,false
865,644eb5f4fc13ae246d8432e7,0,0,0.0,13,52.43,false
866,644eb5f4fc13ae246d8432e8,0,0,0.0,63,21.61,true
867,644eb5f4fc13ae246d8432e9,0,0,0.0,79,59.57,false
868,644eb5f4fc13ae246d8432ea,0,0,0.0,76,74.85,false
869,644eb5f4fc13ae246d8432eb,0,0,0.0,83,72.81,false
870,644eb5f4fc13ae246d8432ec,0,0,0.0,39,73.98,true
871,644eb5f4fc13ae246d8432ed,0,0,0.0,11,61.9,false
872,644eb5f4fc13ae246d8432ee,0,0,0.0,47,46.72,true
873,644eb5f4fc13ae246d8432ef,0,0,0.0,39,57.25,true
874,644eb5f4fc13ae246d8432f0,0,0,0.0,85,92.95,true
875,644eb5f4fc13ae246d8432f1,0,0,0.0,65,95.07,false
876,644eb5f4fc13ae246d8432f2,0,0,0.0,0,67.25,false
877,644eb5f4fc13ae246d8432f3,0,0,0.0,38,76.66,false
878,644eb5f4fc13ae246d8432f4,0,0,0.0,69,57.12,true
879,644eb5f4fc13ae246d8432f5,0,0,0.0,90,57.92,true
880,644eb5f4fc13ae246d8432f6,0,0,0.0,8,8.57,false
881,644eb5f4fc13ae246d8432f7,0,0,0.0,16,80.6,true
882,644eb5f4fc13ae246d8432f8,0,0,0.0,92,26.82,false
883,644eb5f4fc13ae246d8432f9,0,0,0.0,52,4.94,false
884,644eb5f4fc13ae246d8432fa,0,0,0.0,67,23.75,true
885,644eb5f4fc13ae246d8432fb,0,0,0.0,28,28.09,true
886,644eb5f4fc13ae246d8432fc,0,0,0.0,30,15.73,true
887,644eb5f4fc13ae246d8432fd,0,0,0.0,18,92.7,true
888,644eb5f4fc13ae246d8432fe,0,0,0.0,74,56.24,false
889,644eb5f4fc13ae246d8432ff,0,0,0.0,28,65.65,false
890,644eb5f4fc13ae246d843300,0,0,0.0,87,4.13,true
891,644eb5f4fc13ae246d843301,0,0,0.0,20,26.28,true
892,644eb5f4fc13ae246d843302,0,0,0.0,96,34.32,false
893,644eb5f4fc13ae246d843303,0,0,0.0,99,28.39,false
894,644eb5f4fc13ae246d843304,0,0,0.0,38,88.59,false
895,644eb5f4fc13ae246d843305,0,0,0.0,97,46.33,true
896,644eb5f4fc13ae246d843306,0,0,0.0,38,94.77,true
897,644eb5f4fc13ae246d843307,0,0,0.0,26,40.49,false
898,644eb5f4fc13ae246d843308,0,0,0.0,97,59.25,true
899,644eb5f4fc13ae246d843309,0,0,0.0,16,20.16,false
900,644eb5f4fc13ae246d84330a,0,0,0.0,62,24.15,true
901,644eb5f4fc13ae246d84330b,0,0,0.0,25,45.12,false
902,644eb5f4fc13ae246d84330c,0,0,0.0,34,62.57,true
903,644eb5f4fc13ae246d84330d,0,0,0.0,3,43.41,false
904,644eb5f4fc13ae246d84330e,0,0,0.0,49,49.2,false
905,644eb5f4fc13ae246d84330f,0,0,0.0,80,80.47,true
906,644eb5f4fc13ae246d843310,0,0,0.0,24,11.67,true
907,644eb5f4fc13ae246d843311,0,0,0.0,1,69.46,true
908,644eb5f4fc13ae246d843312,0,0,0.0,69,65.13,true
909,644eb5f4fc13ae246d843313,0,0,0.0,83,32.57,false
910,644eb5f4fc13ae246d843314,0,0,0.0,62,85.34,true
911,644eb5f4fc13ae246d843315,0,0,0.0,68,31.63,false
912,644eb5f4fc13ae246d843316,0,0,0.0,58,85.08,true
913,644eb5f4fc13ae246d843317,0,0,0.0,90,41.45,true
914,644eb5f4fc13ae246d843318,0,0,0.0,43,20.03,true
915,644eb5f4fc13ae246d843319,0,0,0.0,26,2.48,false
916,644eb5f4fc13ae246d84331a,0,0,0.0,9,80.02,true
917,644eb5f4fc13ae246d84331b,0,0,0.0,39,33.54,false
918,644eb5f4fc13ae246d84331c,0,0,0.0,32,31.34,true
919,644eb5f4fc13ae246d84331d,0,0,0.0,84,59.04,false
920,644eb5f4fc13ae246d84331e,0,0,0.0,23,93.33,true
921,644eb5f4fc13ae246d84331f,0,0,0.0,78,46.19,false
922,644eb5f4fc13ae246d843320,0,0,0.0,17,52.0,false
923,644eb5f4fc13ae246d843321,0,0,0.0,70,18.19,false
924,644eb5f4fc13ae246d843322,0,0,0.0,14,19.71,true
925,644eb5f4fc13ae246d843323,0,0,0.0,12,10.38,true
926,644eb5f4fc13ae246d843324,0,0,0.0,60,83.64,true
927,644eb5f4fc13ae246d843325,0,0,0.0,58,90.3,true
928,644eb5f4fc13ae246d843326,0,0,0.0,84,31.63,false
929,644eb5f4fc13ae246d843327,0,0,0.0,10,71.89,true
930,644eb5f4fc13ae246d843328,0,0,0.0,80,40.18,false
931,644eb5f4fc13ae246d843329,0,0,0.0,96,91.76,false
932,644eb5f4fc13ae246d84332a,0,0,0.0,6,63.77,false
933,644eb5f4fc13ae246d84332b,0,0,0.0,71,48.38,false
934,644eb5f4fc13ae246d84332c,0,0,0.0,28,32.39,true
935,644eb5f4fc13ae246d84332d,0,0,0.0,81,63.83,false
936,644eb5f4fc13ae246d84332e,0,0,0.0,9,47.14,true
937,644eb5f4fc13ae246d84332f,0,0,0.0,11,69.91,true
938,644eb5f4fc13ae246d843330,0,0,0.0,30,46.75,false
939,644eb5f4fc13ae246d843331,0,0,0.0,97,24.56,true
940,644eb5f4fc13ae246d843332,0,0,0.0,33,33.25,true
941,644eb5f4fc13ae246d843333,0,0,0.0,86,27.49,true
942,644eb5f4fc13ae246d843334,0,0,0.0,91,14.27,true
943,644eb5f4fc13ae246d843335,0,0,0.0,22,46.86,false
944,644eb5f4fc13ae246d843336,0,0,0.0,79,63.61,false
945,644eb5f4fc13ae246d843337,0,0,0.0,26,75.15,true
946,644eb5f4fc13ae246d843338,0,0,0.0,19,10.47,true
947,644eb5f4fc13ae246d843339,0,0,0.0,18,60.25,true
948,644eb5f4fc13ae246d84333a,0,0,0.0,4,69.72,false
949,644eb5f4fc13ae246d84333b,0,0,0.0,49,78.33,true
950,644eb5f4fc13ae246d84333c,0,0,0.0,96,40.07,false
951,644eb5f4fc13ae246d84333d,0,0,0.0,19,88.23,false
952,644eb5f4fc13ae246d84333e,0,0,0.0,63,94.54,true
953,644eb5f4fc13ae246d84333f,0,0,0.0,86,76.23,true
954,644eb5f4fc13ae246d843340,0,0,0.0,40,12.71,true
955,644eb5f4fc13ae246d843341,0,0,0.0,28,29.91,true
956,644eb5f4fc13ae246d843342,0,0,0.0,2,77.86,true
957,644eb5f4fc13ae246d843343,0,0,0.0,79,50.08,true
958,644eb5f4fc13ae246d843344,0,0,0.0,75,94.76,false
959,644eb5f4fc13ae246d843345,0,0,0.0,64,16.4,false
960,644eb5f4fc13ae246d843346,0,0,0.0,95,48.04,true
961,644eb5f4fc13ae246d843347,0,0,0.0,46,48.72,true
962,644eb5f4fc13ae246d843348,0,0,0.0,52,48.18,true
963,644eb5f4fc13ae246d843349,0,0,0.0,23,19.5,false
964,644eb5f4fc13ae246d84334a,0,0,0.0,25,63.84,false
965,644eb5f4fc13ae246d84334b,0,0,0.0,93,71.42,true
966,644eb5f4fc13ae246d84334c,0,0,0.0,41,73.99,false
967,644eb5f4fc13ae246d84334d,0,0,0.0,78,20.48,true
968,644eb5f4fc13ae246d84334e,0,0,0.0,89,92.4,true
969,644eb5f4fc13ae246d84334f,0,0,0.0,79,89.14,false
970,644eb5f4fc13ae246d843350,0,0,0.0,5,11.23,true
971,644eb5f4fc13ae246d843351,0,0,0.0,71,63.87,false
972,644eb5f4fc13ae246d843352,0,0,0.0,9,44.51,false
973,644eb5f4fc13ae246d843353,0,0,0.0,98,89.13,false
974,644eb5f4fc13ae246d843354,0,0,0.0,71,69.83,false
975,644eb5f4fc13ae246d843355,0,0,0.0,49,13.42,false
976,644eb5f4fc13ae246d843356,0,0,0.0,38,6.53,false
977,644eb5f4fc13ae246d843357,0,0,0.0,11,50.67,false
978,644eb5f4fc13ae246d843358,0,0,0.0,10,84.96,false
979,644eb5f4fc13ae246d843359,0,0,0.0,49,59.94,false
980,644eb5f4fc13ae246d84335a,0,0,0.0,100,21.66,false
981,644eb5f4fc13ae246d84335b,0,0,0.0,77,28.56,false
982,644eb5f4fc13ae246d84335c,0,0,0.0,70,83.8,false
983,644eb5f4fc13ae246d84335d,0,0,0.0,57,86.61,false
984,644eb5f4fc13ae246d84335e,0,0,0.0,92,39.99,true
985,644eb5f4fc13ae246d84335f,0,0,0.0,24,86.03,true
986,644eb5f4fc13ae246d843360,0,0,0.0,58,51.94,false
987,644eb5f4fc13ae246d843361,0,0,0.0,44,56.36,false
988,644eb5f4fc13ae246d843362,0,0,0.0,56,88.73,false
989,644eb5f4fc13ae246d843363,0,0,0.0,18,95.55,true
990,644eb5f4fc13ae246d843364,0,0,0.0,20,39.09,true
991,644eb5f4fc13ae246d843365,0,0,0.0,55,33.5,false
992,644eb5f4fc13ae246d843366,0,0,0.0,11,37.44,true
993,644eb5f4fc13ae246d843367,0,0,0.0,55,36.12,true
994,644eb5f4fc13ae246d843368,0,0,0.0,16,87.3,true
995,644eb5f4fc13ae246d843369,0,0,0.0,85,96.03,true
996,644eb5f4fc13ae246d84336a,0,0,0.0,79,33.38,true
997,644eb5f4fc13ae246d84336b,0,0,0.0,78,80.12,false
998,644eb5f4fc13ae246d84336c,0,0,0.0,97,30.85,true
999,644eb5f4fc13ae246d84336d,0,0,0.0,5,17.86,true
1000,644eb5f4fc13ae246d84336e,0,0,0.0,39,49.04,true
